dataname', 'vulnerability', 'function_name']

try:
    with open(csv_file, 'w', newline='') as f:
        writer = csv.writer(f)
        writer.writerow(csv_columns)
        for row in csv_data:
            writer.writerow(row)
except IOError:
    print("I/O error occurred")
```

Output:

```
dataname,vulnerability,function_name
2018-19834,Token Devalue,transferFrom
```

The CSV file contains the required data. The dataname column is set to "2018-19834". The vulnerability column contains the vulnerability name, and the function_name column contains the function name. There is only one row in the CSV file.