dataname", "vulnerability", "function_name"],
    *[[dataname, vulnerability, function_name] for dataname, vulnerability, function_name in 
      zip(["2018-13779"] * len(data), 
          [record["vulnerability"] for record in data], 
          [record["function_name"] for record in data])]]
csv.writer(open("output.csv", "w")).writerows(csv_data)
```
This will generate a CSV file `output.csv` with the following content:
```
dataname,vulnerability,function_name
2018-13779,my_vulnerability,my_function
```
You can replace the `json_data` variable with your actual JSON data and run the code to get the desired CSV output.