dataname,vulnerability,function_name
2018-13698,<short_vulnera_desc_1>,<function_name_1>
2018-13698,<short_vulnera_desc_2>,<function_name_2>
```

Note: Please replace `<function_name_1>`, `<short_vulnera_desc_1>`, and `<function_name_2>` with the actual function name, vulnerability description, and function name from the provided JSON data.

For example:

```csv
dataname,vulnerability,function_name
2018-13698,Reentrancy vulnerability,transfer
2018-13698,Arithmetic underflow vulnerability,safeMath
```